<?xml version="1.0" encoding="UTF-8"?>
<metadata xml:lang="fr"><Esri><CreaDate>20170809</CreaDate><CreaTime>12481400</CreaTime><ArcGISFormat>1.0</ArcGISFormat><SyncOnce>TRUE</SyncOnce><DataProperties><lineage><Process ToolSource="c:\program files (x86)\arcgis\desktop10.4\ArcToolbox\Toolboxes\Data Management Tools.tbx\CalculateField" Date="20170809" Time="122501">CalculateField Export_Output popPlace_1 [STATUT] VB #</Process><Process ToolSource="c:\program files (x86)\arcgis\desktop10.4\ArcToolbox\Toolboxes\Data Management Tools.tbx\CalculateField" Date="20170809" Time="122619">CalculateField Export_Output popPlace_1 "Chef-lieu de CR" VB #</Process><Process ToolSource="c:\program files (x86)\arcgis\desktop10.4\ArcToolbox\Toolboxes\Data Management Tools.tbx\CalculateField" Date="20170809" Time="122743">CalculateField Export_Output popPlace_1 "Chef-lieu de departement" VB #</Process><Process ToolSource="c:\program files (x86)\arcgis\desktop10.4\ArcToolbox\Toolboxes\Data Management Tools.tbx\CalculateField" Date="20170809" Time="123017">CalculateField Export_Output popPlace_1 "Chef-lieu de region" VB #</Process><Process ToolSource="c:\program files (x86)\arcgis\desktop10.4\ArcToolbox\Toolboxes\Data Management Tools.tbx\CalculateField" Date="20170809" Time="123054">CalculateField Export_Output popPlace_1 "Chef-lieu de region" VB #</Process><Process ToolSource="c:\program files (x86)\arcgis\desktop10.4\ArcToolbox\Toolboxes\Data Management Tools.tbx\CalculateField" Date="20170809" Time="123131">CalculateField Export_Output popPlace_1 "Chef-lieu de region" VB #</Process><Process ToolSource="c:\program files (x86)\arcgis\desktop10.4\ArcToolbox\Toolboxes\Data Management Tools.tbx\CalculateField" Date="20170809" Time="123150">CalculateField Export_Output popPlace_1 "Chef-lieu de region" VB #</Process><Process ToolSource="c:\program files (x86)\arcgis\desktop10.4\ArcToolbox\Toolboxes\Data Management Tools.tbx\CalculateField" Date="20170809" Time="123224">CalculateField Export_Output popPlace_1 "Chef-lieu de departement" VB #</Process><Process ToolSource="c:\program files (x86)\arcgis\desktop10.4\ArcToolbox\Toolboxes\Data Management Tools.tbx\CalculateField" Date="20170809" Time="123246">CalculateField Export_Output popPlace_1 "Hameau" VB #</Process><Process ToolSource="c:\program files (x86)\arcgis\desktop10.4\ArcToolbox\Toolboxes\Data Management Tools.tbx\CalculateField" Date="20170809" Time="123255">CalculateField Export_Output popPlace_1 "Hameau" VB #</Process><Process ToolSource="c:\program files (x86)\arcgis\desktop10.4\ArcToolbox\Toolboxes\Data Management Tools.tbx\CalculateField" Date="20170809" Time="123314">CalculateField Export_Output popPlace_1 "Hameau" VB #</Process><Process ToolSource="c:\program files (x86)\arcgis\desktop10.4\ArcToolbox\Toolboxes\Data Management Tools.tbx\CalculateField" Date="20170809" Time="123421">CalculateField Export_Output popPlace_1 ""Chef-lieu d'arrondissement"" VB #</Process><Process ToolSource="c:\program files (x86)\arcgis\desktop10.4\ArcToolbox\Toolboxes\Data Management Tools.tbx\CalculateField" Date="20170809" Time="123446">CalculateField Export_Output popPlace_1 "Chef-lieu de CR" VB #</Process><Process ToolSource="c:\program files (x86)\arcgis\desktop10.4\ArcToolbox\Toolboxes\Data Management Tools.tbx\CalculateField" Date="20170809" Time="123519">CalculateField Export_Output popPlace_1 "Chef-lieu de commune" VB #</Process><Process ToolSource="c:\program files (x86)\arcgis\desktop10.4\ArcToolbox\Toolboxes\Data Management Tools.tbx\CalculateField" Date="20170809" Time="123642">CalculateField Export_Output popPlace_1 ""Chef-lieu d'arrondissement"" VB #</Process><Process ToolSource="c:\program files (x86)\arcgis\desktop10.4\ArcToolbox\Toolboxes\Data Management Tools.tbx\CalculateField" Date="20170809" Time="124037">CalculateField sen_plpp_gov_ocha popPlace_1 "Capitale nationale" VB #</Process><Process ToolSource="c:\program files (x86)\arcgis\desktop10.4\ArcToolbox\Toolboxes\Data Management Tools.tbx\CalculateField" Date="20170809" Time="124149">CalculateField sen_plpp_gov_ocha popPlace_1 "National capital" VB #</Process><Process ToolSource="c:\program files (x86)\arcgis\desktop10.4\ArcToolbox\Toolboxes\Data Management Tools.tbx\CalculateField" Date="20170809" Time="124211">CalculateField sen_plpp_gov_ocha popPlace_1 "Admin1 capital" VB #</Process><Process ToolSource="c:\program files (x86)\arcgis\desktop10.4\ArcToolbox\Toolboxes\Data Management Tools.tbx\CalculateField" Date="20170809" Time="124222">CalculateField sen_plpp_gov_ocha popPlace_1 "Admin2 capital" VB #</Process><Process ToolSource="c:\program files (x86)\arcgis\desktop10.4\ArcToolbox\Toolboxes\Data Management Tools.tbx\CalculateField" Date="20170809" Time="124237">CalculateField sen_plpp_gov_ocha popPlace_1 "Admin3 capital" VB #</Process><Process ToolSource="c:\program files (x86)\arcgis\desktop10.4\ArcToolbox\Toolboxes\Data Management Tools.tbx\CalculateField" Date="20170809" Time="124312">CalculateField sen_plpp_gov_ocha popPlace_1 "Capital of commune" VB #</Process><Process ToolSource="c:\program files (x86)\arcgis\desktop10.4\ArcToolbox\Toolboxes\Data Management Tools.tbx\CalculateField" Date="20170809" Time="124320">CalculateField sen_plpp_gov_ocha popPlace_1 "Capital of commune" VB #</Process><Process ToolSource="c:\program files (x86)\arcgis\desktop10.4\ArcToolbox\Toolboxes\Data Management Tools.tbx\CalculateField" Date="20170809" Time="124333">CalculateField sen_plpp_gov_ocha popPlace_1 "Capital of commune" VB #</Process><Process ToolSource="c:\program files (x86)\arcgis\desktop10.4\ArcToolbox\Toolboxes\Data Management Tools.tbx\CalculateField" Date="20170809" Time="124422">CalculateField sen_plpp_gov_ocha popPlace_1 "Capital of CA" VB #</Process><Process ToolSource="c:\program files (x86)\arcgis\desktop10.4\ArcToolbox\Toolboxes\Data Management Tools.tbx\CalculateField" Date="20170809" Time="124608">CalculateField sen_plpp_gov_ocha popPlace_1 "Capital of commune" VB #</Process></lineage><itemProps><itemLocation><linkage Sync="TRUE">file://\\OCHAWKSSENOUMOU\C$\Egnyte\Shared\ROWCA\00_Regional Office Dakar\Information Management\07 GIS\00_ROWCA gdb\SEN.gdb</linkage><protocol Sync="TRUE">Local Area Network</protocol></itemLocation></itemProps></DataProperties></Esri></metadata>
