<?xml version="1.0" encoding="UTF-8"?>
<metadata xml:lang="fr"><Esri><CreaDate>20170810</CreaDate><CreaTime>13192900</CreaTime><ArcGISFormat>1.0</ArcGISFormat><SyncOnce>TRUE</SyncOnce><DataProperties><lineage><Process ToolSource="c:\program files (x86)\arcgis\desktop10.4\ArcToolbox\Toolboxes\Data Management Tools.tbx\CalculateField" Date="20170726" Time="131526">CalculateField gmb_admbnda_adm2_district_1m_ocha admin0Name [CNTRY_NAME] VB #</Process><Process ToolSource="c:\program files (x86)\arcgis\desktop10.4\ArcToolbox\Toolboxes\Data Management Tools.tbx\CalculateField" Date="20170726" Time="131607">CalculateField gmb_admbnda_adm2_district_1m_ocha admin0Pcode [CNTRY_CODE] VB #</Process><Process ToolSource="c:\program files (x86)\arcgis\desktop10.4\ArcToolbox\Toolboxes\Data Management Tools.tbx\CalculateField" Date="20170726" Time="131626">CalculateField gmb_admbnda_adm2_district_1m_ocha admin0Pcode "GM" VB #</Process><Process ToolSource="c:\program files (x86)\arcgis\desktop10.4\ArcToolbox\Toolboxes\Data Management Tools.tbx\CalculateField" Date="20170726" Time="131707">CalculateField gmb_admbnda_adm2_district_1m_ocha admin1Name [LGA_NAME] VB #</Process><Process ToolSource="c:\program files (x86)\arcgis\desktop10.4\ArcToolbox\Toolboxes\Data Management Tools.tbx\CalculateField" Date="20170726" Time="131759">CalculateField gmb_admbnda_adm2_district_1m_ocha admin1Pcod "[admin0Pcode] &amp;Right ( [Rowcacode1] ,Len( [Rowcacode1] ) - 3)" VB #</Process><Process ToolSource="c:\program files (x86)\arcgis\desktop10.4\ArcToolbox\Toolboxes\Data Management Tools.tbx\CalculateField" Date="20170726" Time="131822">CalculateField gmb_admbnda_adm2_district_1m_ocha admin2Name [DISTRICT_N] VB #</Process><Process ToolSource="c:\program files (x86)\arcgis\desktop10.4\ArcToolbox\Toolboxes\Data Management Tools.tbx\CalculateField" Date="20170726" Time="131946">CalculateField gmb_admbnda_adm2_district_1m_ocha admin2Pcod "[admin2Pcod] &amp;Right ( [Rowcacode2] ,Len( [Rowcacode2] ) - 3)" VB #</Process><Process ToolSource="c:\program files (x86)\arcgis\desktop10.4\ArcToolbox\Toolboxes\Data Management Tools.tbx\CalculateField" Date="20170726" Time="131954">CalculateField gmb_admbnda_adm2_district_1m_ocha admin2Pcod "[admin2Pcod] &amp;Right ( [Rowcacode2] ,Len( [Rowcacode2] ) - 6)" VB #</Process><Process ToolSource="c:\program files (x86)\arcgis\desktop10.4\ArcToolbox\Toolboxes\Data Management Tools.tbx\CalculateField" Date="20170726" Time="132002">CalculateField gmb_admbnda_adm2_district_1m_ocha admin2Pcod "[admin2Pcod] &amp;Right ( [Rowcacode2] ,Len( [Rowcacode2] ) - 4)" VB #</Process><Process ToolSource="c:\program files (x86)\arcgis\desktop10.4\ArcToolbox\Toolboxes\Data Management Tools.tbx\CalculateField" Date="20170726" Time="132025">CalculateField gmb_admbnda_adm2_district_1m_ocha admin2Pcod "[admin2Pcod] &amp;Right ( [Rowcacode2] ,Len( [Rowcacode2] ) - 2)" VB #</Process><Process ToolSource="c:\program files (x86)\arcgis\desktop10.4\ArcToolbox\Toolboxes\Data Management Tools.tbx\CalculateField" Date="20170726" Time="132052">CalculateField gmb_admbnda_adm2_district_1m_ocha admin2Pcod "[admin1Pcod] &amp;Right ( [Rowcacode2] ,Len( [Rowcacode2] ) - 2)" VB #</Process><Process ToolSource="c:\program files (x86)\arcgis\desktop10.4\ArcToolbox\Toolboxes\Data Management Tools.tbx\CalculateField" Date="20170726" Time="132059">CalculateField gmb_admbnda_adm2_district_1m_ocha admin2Pcod "[admin1Pcod] &amp;Right ( [Rowcacode2] ,Len( [Rowcacode2] ) - 6)" VB #</Process><Process ToolSource="c:\program files (x86)\arcgis\desktop10.4\ArcToolbox\Toolboxes\Data Management Tools.tbx\CalculateField" Date="20170726" Time="132109">CalculateField gmb_admbnda_adm2_district_1m_ocha admin2Pcod "[admin1Pcod] &amp;Right ( [Rowcacode2] ,Len( [Rowcacode2] ) - 4)" VB #</Process><Process ToolSource="c:\program files (x86)\arcgis\desktop10.4\ArcToolbox\Toolboxes\Data Management Tools.tbx\CalculateField" Date="20170726" Time="132116">CalculateField gmb_admbnda_adm2_district_1m_ocha admin2Pcod "[admin1Pcod] &amp;Right ( [Rowcacode2] ,Len( [Rowcacode2] ) - 9)" VB #</Process><Process ToolSource="c:\program files (x86)\arcgis\desktop10.4\ArcToolbox\Toolboxes\Data Management Tools.tbx\CalculateField" Date="20170726" Time="132133">CalculateField gmb_admbnda_adm2_district_1m_ocha admin2Pcod "[admin1Pcod] &amp;Right ( [Rowcacode2] ,Len( [Rowcacode2] ) - 6)" VB #</Process><Process ToolSource="c:\program files (x86)\arcgis\desktop10.4\ArcToolbox\Toolboxes\Data Management Tools.tbx\CalculateField" Date="20170810" Time="091708">CalculateField gmb_admbnda_adm2_district_1m_ocha admin1Name "Kuntaur" VB #</Process><Process ToolSource="c:\program files (x86)\arcgis\desktop10.4\ArcToolbox\Toolboxes\Data Management Tools.tbx\CalculateField" Date="20170810" Time="091720">CalculateField gmb_admbnda_adm2_district_1m_ocha admin1Name "Kuntaur" VB #</Process><Process ToolSource="c:\program files (x86)\arcgis\desktop10.4\ArcToolbox\Toolboxes\Data Management Tools.tbx\CalculateField" Date="20170810" Time="091726">CalculateField gmb_admbnda_adm2_district_1m_ocha admin1Name "Kuntaur" VB #</Process><Process ToolSource="c:\program files (x86)\arcgis\desktop10.4\ArcToolbox\Toolboxes\Data Management Tools.tbx\CalculateField" Date="20170810" Time="091755">CalculateField gmb_admbnda_adm2_district_1m_ocha admin1Name "Janjanbureh" VB #</Process><Process ToolSource="c:\program files (x86)\arcgis\desktop10.4\ArcToolbox\Toolboxes\Data Management Tools.tbx\CalculateField" Date="20170810" Time="091821">CalculateField gmb_admbnda_adm2_district_1m_ocha admin1Name "Janjanbureh" VB #</Process><Process ToolSource="c:\program files (x86)\arcgis\desktop10.4\ArcToolbox\Toolboxes\Data Management Tools.tbx\CalculateField" Date="20170810" Time="091959">CalculateField gmb_admbnda_adm2_district_1m_ocha admin1Pcod "GM004" VB #</Process><Process ToolSource="c:\program files (x86)\arcgis\desktop10.4\ArcToolbox\Toolboxes\Data Management Tools.tbx\CalculateField" Date="20170810" Time="092014">CalculateField gmb_admbnda_adm2_district_1m_ocha Rowcacode1 "GMB004" VB #</Process><Process ToolSource="c:\program files (x86)\arcgis\desktop10.4\ArcToolbox\Toolboxes\Data Management Tools.tbx\CalculateField" Date="20170810" Time="092221">CalculateField gmb_admbnda_adm2_district_1m_ocha Rowcacode1 "GMB007" VB #</Process><Process ToolSource="c:\program files (x86)\arcgis\desktop10.4\ArcToolbox\Toolboxes\Data Management Tools.tbx\CalculateField" Date="20170810" Time="092234">CalculateField gmb_admbnda_adm2_district_1m_ocha admin1Pcod "GM007" VB #</Process><Process ToolSource="c:\program files (x86)\arcgis\desktop10.4\ArcToolbox\Toolboxes\Data Management Tools.tbx\CalculateField" Date="20170810" Time="101951">CalculateField gmb_admbnda_adm2_district_1m_ocha correct "[admin0Pcode] &amp;Right ( [admin1Pcod],Len( [admin1Pcod]) - 2)" VB #</Process><Process ToolSource="c:\program files (x86)\arcgis\desktop10.4\ArcToolbox\Toolboxes\Data Management Tools.tbx\CalculateField" Date="20170810" Time="101959">CalculateField gmb_admbnda_adm2_district_1m_ocha correct "[admin0Pcode] &amp;Right ( [admin1Pcod],Len( [admin1Pcod]) - 3)" VB #</Process><Process ToolSource="c:\program files (x86)\arcgis\desktop10.4\ArcToolbox\Toolboxes\Data Management Tools.tbx\CalculateField" Date="20170810" Time="102011">CalculateField gmb_admbnda_adm2_district_1m_ocha admin1Pcod [correct] VB #</Process><Process ToolSource="c:\program files (x86)\arcgis\desktop10.4\ArcToolbox\Toolboxes\Data Management Tools.tbx\CalculateField" Date="20170810" Time="102036">CalculateField gmb_admbnda_adm2_district_1m_ocha correct "[admin1Pcod] &amp;Right ( [admin2Pcod],Len( [admin2Pcod]) - 5)" VB #</Process><Process ToolSource="c:\program files (x86)\arcgis\desktop10.4\ArcToolbox\Toolboxes\Data Management Tools.tbx\CalculateField" Date="20170810" Time="102047">CalculateField gmb_admbnda_adm2_district_1m_ocha correct "[admin1Pcod] &amp;Right ( [admin2Pcod],Len( [admin2Pcod]) - 6)" VB #</Process><Process ToolSource="c:\program files (x86)\arcgis\desktop10.4\ArcToolbox\Toolboxes\Data Management Tools.tbx\CalculateField" Date="20170810" Time="102101">CalculateField gmb_admbnda_adm2_district_1m_ocha admin2Pcod [correct] VB #</Process><Process ToolSource="c:\program files (x86)\arcgis\desktop10.4\ArcToolbox\Toolboxes\Data Management Tools.tbx\CalculateField" Date="20170810" Time="102130">CalculateField gmb_admbnda_adm2_district_1m_ocha correct ""GMB" &amp;Right ( [admin1Pcod],Len( [admin1Pcod]) - 3)" VB #</Process><Process ToolSource="c:\program files (x86)\arcgis\desktop10.4\ArcToolbox\Toolboxes\Data Management Tools.tbx\CalculateField" Date="20170810" Time="102138">CalculateField gmb_admbnda_adm2_district_1m_ocha correct ""GMB" &amp;Right ( [admin1Pcod],Len( [admin1Pcod]) - 2)" VB #</Process><Process ToolSource="c:\program files (x86)\arcgis\desktop10.4\ArcToolbox\Toolboxes\Data Management Tools.tbx\CalculateField" Date="20170810" Time="102152">CalculateField gmb_admbnda_adm2_district_1m_ocha Rowcacode1 [correct] VB #</Process><Process ToolSource="c:\program files (x86)\arcgis\desktop10.4\ArcToolbox\Toolboxes\Data Management Tools.tbx\CalculateField" Date="20170810" Time="102219">CalculateField gmb_admbnda_adm2_district_1m_ocha correct "[Rowcacode1] &amp;Right ( [admin2Pcod],Len( [admin2Pcod]) - 4)" VB #</Process><Process ToolSource="c:\program files (x86)\arcgis\desktop10.4\ArcToolbox\Toolboxes\Data Management Tools.tbx\CalculateField" Date="20170810" Time="102235">CalculateField gmb_admbnda_adm2_district_1m_ocha Rowcacode2 [correct] VB #</Process><Process ToolSource="c:\program files (x86)\arcgis\desktop10.4\ArcToolbox\Toolboxes\Data Management Tools.tbx\CalculateField" Date="20170810" Time="102324">CalculateField gmb_admbnda_adm2_district_1m_ocha adm1Pcod3 [Rowcacode1] VB #</Process><Process ToolSource="c:\program files (x86)\arcgis\desktop10.4\ArcToolbox\Toolboxes\Data Management Tools.tbx\CalculateField" Date="20170810" Time="102345">CalculateField gmb_admbnda_adm2_district_1m_ocha adm2Pcod3 [Rowcacode2] VB #</Process><Process ToolSource="c:\program files (x86)\arcgis\desktop10.4\ArcToolbox\Toolboxes\Data Management Tools.tbx\CalculateField" Date="20170810" Time="102441">CalculateField gmb_admbnda_adm2_district_1m_ocha validOn "10/08/2017" VB #</Process><Process ToolSource="c:\program files (x86)\arcgis\desktop10.4\ArcToolbox\Toolboxes\Data Management Tools.tbx\CalculateField" Date="20170810" Time="102508">CalculateField gmb_admbnda_adm2_district_1m_ocha validTo "09/08/2018" VB #</Process></lineage></DataProperties></Esri></metadata>
