<?xml version="1.0" encoding="UTF-8"?>
<metadata xml:lang="fr"><Esri><CreaDate>20170516</CreaDate><CreaTime>09384100</CreaTime><ArcGISFormat>1.0</ArcGISFormat><SyncOnce>FALSE</SyncOnce><DataProperties><itemProps><itemName Sync="TRUE">gmb_pplp_ocha_1m_nga_ocha</itemName><imsContentType Sync="TRUE">002</imsContentType><itemLocation><linkage Sync="TRUE">file://\\OCHAWKSSENOUMOU\C$\Provisoires\Donnees_a_valider\Gambia\gmb_pplp_ocha_1m_nga_ocha.shp</linkage><protocol Sync="TRUE">Local Area Network</protocol></itemLocation><itemSize Sync="TRUE">0.000</itemSize></itemProps><coordRef><type Sync="TRUE">Geographic</type><geogcsn Sync="TRUE">GCS_WGS_1984</geogcsn><csUnits Sync="TRUE">Angular Unit: Degree (0.017453)</csUnits><peXml Sync="TRUE">&lt;GeographicCoordinateSystem xsi:type='typens:GeographicCoordinateSystem' xmlns:xsi='http://www.w3.org/2001/XMLSchema-instance' xmlns:xs='http://www.w3.org/2001/XMLSchema' xmlns:typens='http://www.esri.com/schemas/ArcGIS/10.4'&gt;&lt;WKT&gt;GEOGCS[&amp;quot;GCS_WGS_1984&amp;quot;,DATUM[&amp;quot;D_WGS_1984&amp;quot;,SPHEROID[&amp;quot;WGS_1984&amp;quot;,6378137.0,298.257223563]],PRIMEM[&amp;quot;Greenwich&amp;quot;,0.0],UNIT[&amp;quot;Degree&amp;quot;,0.0174532925199433],AUTHORITY[&amp;quot;EPSG&amp;quot;,4326]]&lt;/WKT&gt;&lt;XOrigin&gt;-400&lt;/XOrigin&gt;&lt;YOrigin&gt;-400&lt;/YOrigin&gt;&lt;XYScale&gt;11258999068426.238&lt;/XYScale&gt;&lt;ZOrigin&gt;-100000&lt;/ZOrigin&gt;&lt;ZScale&gt;10000&lt;/ZScale&gt;&lt;MOrigin&gt;-100000&lt;/MOrigin&gt;&lt;MScale&gt;10000&lt;/MScale&gt;&lt;XYTolerance&gt;8.983152841195215e-009&lt;/XYTolerance&gt;&lt;ZTolerance&gt;0.001&lt;/ZTolerance&gt;&lt;MTolerance&gt;0.001&lt;/MTolerance&gt;&lt;HighPrecision&gt;true&lt;/HighPrecision&gt;&lt;LeftLongitude&gt;-180&lt;/LeftLongitude&gt;&lt;WKID&gt;4326&lt;/WKID&gt;&lt;LatestWKID&gt;4326&lt;/LatestWKID&gt;&lt;/GeographicCoordinateSystem&gt;</peXml></coordRef><lineage><Process ToolSource="c:\program files (x86)\arcgis\desktop10.1\ArcToolbox\Toolboxes\Conversion Tools.tbx\FeatureClassToFeatureClass" Date="20160526" Time="153443">FeatureClassToFeatureClass "C:\Local Cloud\Shared\ROWCA\00_Regional Office Dakar\Information Management\07 GIS\00_ROWCA gdb\GMB\Data\Base_data\Admin\Working\GMB_ppl_ocha_1m_nga.shp" "C:\Local Cloud\Shared\ROWCA\00_Regional Office Dakar\Information Management\07 GIS\00_ROWCA gdb\GMB.gdb\Settlements" gmb_pplp_ocha_1m_nga # "LAT "LAT" true true false 16 Double 6 15 ,First,#,C:\Local Cloud\Shared\ROWCA\00_Regional Office Dakar\Information Management\07 GIS\00_ROWCA gdb\GMB\Data\Base_data\Admin\Working\GMB_ppl_ocha_1m_nga.shp,LAT,-1,-1;LONG "LONG" true true false 16 Double 6 15 ,First,#,C:\Local Cloud\Shared\ROWCA\00_Regional Office Dakar\Information Management\07 GIS\00_ROWCA gdb\GMB\Data\Base_data\Admin\Working\GMB_ppl_ocha_1m_nga.shp,LONG,-1,-1;DMS_LAT "DMS_LAT" true true false 16 Double 6 15 ,First,#,C:\Local Cloud\Shared\ROWCA\00_Regional Office Dakar\Information Management\07 GIS\00_ROWCA gdb\GMB\Data\Base_data\Admin\Working\GMB_ppl_ocha_1m_nga.shp,DMS_LAT,-1,-1;DMS_LONG "DMS_LONG" true true false 16 Double 6 15 ,First,#,C:\Local Cloud\Shared\ROWCA\00_Regional Office Dakar\Information Management\07 GIS\00_ROWCA gdb\GMB\Data\Base_data\Admin\Working\GMB_ppl_ocha_1m_nga.shp,DMS_LONG,-1,-1;NAME "NAME" true true false 254 Text 0 0 ,First,#,C:\Local Cloud\Shared\ROWCA\00_Regional Office Dakar\Information Management\07 GIS\00_ROWCA gdb\GMB\Data\Base_data\Admin\Working\GMB_ppl_ocha_1m_nga.shp,NAME,-1,-1;DESCRIPTIO "DESCRIPTIO" true true false 254 Text 0 0 ,First,#,C:\Local Cloud\Shared\ROWCA\00_Regional Office Dakar\Information Management\07 GIS\00_ROWCA gdb\GMB\Data\Base_data\Admin\Working\GMB_ppl_ocha_1m_nga.shp,DESCRIPTIO,-1,-1;CLASS "CLASS" true true false 16 Double 6 15 ,First,#,C:\Local Cloud\Shared\ROWCA\00_Regional Office Dakar\Information Management\07 GIS\00_ROWCA gdb\GMB\Data\Base_data\Admin\Working\GMB_ppl_ocha_1m_nga.shp,CLASS,-1,-1;CNTRY_NAME "CNTRY_NAME" true true false 254 Text 0 0 ,First,#,C:\Local Cloud\Shared\ROWCA\00_Regional Office Dakar\Information Management\07 GIS\00_ROWCA gdb\GMB\Data\Base_data\Admin\Working\GMB_ppl_ocha_1m_nga.shp,CNTRY_NAME,-1,-1;CNTRY_CODE "CNTRY_CODE" true true false 254 Text 0 0 ,First,#,C:\Local Cloud\Shared\ROWCA\00_Regional Office Dakar\Information Management\07 GIS\00_ROWCA gdb\GMB\Data\Base_data\Admin\Working\GMB_ppl_ocha_1m_nga.shp,CNTRY_CODE,-1,-1;ADM1_NAME "ADM1_NAME" true true false 254 Text 0 0 ,First,#,C:\Local Cloud\Shared\ROWCA\00_Regional Office Dakar\Information Management\07 GIS\00_ROWCA gdb\GMB\Data\Base_data\Admin\Working\GMB_ppl_ocha_1m_nga.shp,ADM1_NAME,-1,-1;ADM2_NAME "ADM2_NAME" true true false 254 Text 0 0 ,First,#,C:\Local Cloud\Shared\ROWCA\00_Regional Office Dakar\Information Management\07 GIS\00_ROWCA gdb\GMB\Data\Base_data\Admin\Working\GMB_ppl_ocha_1m_nga.shp,ADM2_NAME,-1,-1;Rowcacode1 "Rowcacode1" true true false 254 Text 0 0 ,First,#,C:\Local Cloud\Shared\ROWCA\00_Regional Office Dakar\Information Management\07 GIS\00_ROWCA gdb\GMB\Data\Base_data\Admin\Working\GMB_ppl_ocha_1m_nga.shp,Rowcacode1,-1,-1;Rowcacode2 "Rowcacode2" true true false 254 Text 0 0 ,First,#,C:\Local Cloud\Shared\ROWCA\00_Regional Office Dakar\Information Management\07 GIS\00_ROWCA gdb\GMB\Data\Base_data\Admin\Working\GMB_ppl_ocha_1m_nga.shp,Rowcacode2,-1,-1;RowcaCode4 "RowcaCode4" true true false 254 Text 0 0 ,First,#,C:\Local Cloud\Shared\ROWCA\00_Regional Office Dakar\Information Management\07 GIS\00_ROWCA gdb\GMB\Data\Base_data\Admin\Working\GMB_ppl_ocha_1m_nga.shp,RowcaCode4,-1,-1" #</Process><Process ToolSource="c:\program files (x86)\arcgis\desktop10.4\ArcToolbox\Toolboxes\Data Management Tools.tbx\CalculateField" Date="20161222" Time="095130">CalculateField gmb_pplp_ocha_1m_nga CLASS "1" VB #</Process><Process ToolSource="c:\program files (x86)\arcgis\desktop10.4\ArcToolbox\Toolboxes\Data Management Tools.tbx\CalculateField" Date="20161222" Time="095143">CalculateField gmb_pplp_ocha_1m_nga DESCRIPTIO "Country capital" VB #</Process><Process ToolSource="c:\program files (x86)\arcgis\desktop10.4\ArcToolbox\Toolboxes\Data Management Tools.tbx\CalculateField" Date="20170104" Time="114726">CalculateField gmb_pplp_ocha_1m_nga Entry_point "1" VB #</Process><Process ToolSource="c:\program files (x86)\arcgis\desktop10.4\ArcToolbox\Toolboxes\Data Management Tools.tbx\CalculateField" Date="20170104" Time="114854">CalculateField gmb_pplp_ocha_1m_nga Entry_point "1" VB #</Process><Process ToolSource="c:\program files (x86)\arcgis\desktop10.4\ArcToolbox\Toolboxes\Data Management Tools.tbx\CalculateField" Date="20170104" Time="114951">CalculateField gmb_pplp_ocha_1m_nga Entry_point "1" VB #</Process><Process ToolSource="c:\program files (x86)\arcgis\desktop10.4\ArcToolbox\Toolboxes\Data Management Tools.tbx\CalculateField" Date="20170104" Time="115115">CalculateField gmb_pplp_ocha_1m_nga Entry_point "1" VB #</Process><Process ToolSource="c:\program files (x86)\arcgis\desktop10.4\ArcToolbox\Toolboxes\Data Management Tools.tbx\CalculateField" Date="20170104" Time="115159">CalculateField gmb_pplp_ocha_1m_nga Entry_point "0" VB #</Process><Process ToolSource="c:\program files\arcgis\desktop10.4\ArcToolbox\Toolboxes\Data Management Tools.tbx\CalculateField" Date="20170116" Time="152925">CalculateField gmb_pplp_ocha_1m_nga NAME "Janjanbureh" VB #</Process><Process ToolSource="c:\program files\arcgis\desktop10.4\ArcToolbox\Toolboxes\Data Management Tools.tbx\CalculateField" Date="20170118" Time="123553">CalculateField gmb_pplp_ocha_1m_nga LAT "13.586554" VB #</Process><Process ToolSource="c:\program files\arcgis\desktop10.4\ArcToolbox\Toolboxes\Data Management Tools.tbx\CalculateField" Date="20170118" Time="123612">CalculateField gmb_pplp_ocha_1m_nga LONG "15.970973" VB #</Process><Process ToolSource="c:\program files (x86)\arcgis\desktop10.4\ArcToolbox\Toolboxes\Data Management Tools.tbx\CalculateField" Date="20170208" Time="101748">CalculateField gmb_pplp_ocha_1m_nga DESCRIPTIO "Village" VB #</Process></lineage></DataProperties><SyncDate>20170516</SyncDate><SyncTime>09501700</SyncTime><ModDate>20170516</ModDate><ModTime>09501700</ModTime></Esri><dataIdInfo><envirDesc Sync="TRUE">Microsoft Windows 7 Version 6.1 (Build 7601) Service Pack 1; Esri ArcGIS 10.4.1.5686</envirDesc><dataLang><languageCode value="fra" Sync="TRUE"></languageCode><countryCode value="FRA" Sync="TRUE"></countryCode></dataLang><idCitation><resTitle Sync="TRUE">gmb_pplp_ocha_1m_nga_ocha</resTitle><presForm><PresFormCd value="005" Sync="TRUE"></PresFormCd></presForm></idCitation><spatRpType><SpatRepTypCd value="001" Sync="TRUE"></SpatRepTypCd></spatRpType></dataIdInfo><mdLang><languageCode value="fra" Sync="TRUE"></languageCode><countryCode value="FRA" Sync="TRUE"></countryCode></mdLang><distInfo><distFormat><formatName Sync="TRUE">Shapefile</formatName></distFormat><distTranOps><transSize Sync="TRUE">0.000</transSize></distTranOps></distInfo><mdHrLv><ScopeCd value="005" Sync="TRUE"></ScopeCd></mdHrLv><mdHrLvName Sync="TRUE">dataset</mdHrLvName><refSysInfo><RefSystem><refSysID><identCode code="4326" Sync="TRUE"></identCode><idCodeSpace Sync="TRUE">EPSG</idCodeSpace><idVersion Sync="TRUE">6.14(3.0.1)</idVersion></refSysID></RefSystem></refSysInfo><spatRepInfo><VectSpatRep><geometObjs Name="gmb_pplp_ocha_1m_nga_ocha"><geoObjTyp><GeoObjTypCd value="004" Sync="TRUE"></GeoObjTypCd></geoObjTyp><geoObjCnt Sync="TRUE">0</geoObjCnt></geometObjs><topLvl><TopoLevCd value="001" Sync="TRUE"></TopoLevCd></topLvl></VectSpatRep></spatRepInfo><spdoinfo><ptvctinf><esriterm Name="gmb_pplp_ocha_1m_nga_ocha"><efeatyp Sync="TRUE">Simple</efeatyp><efeageom code="1" Sync="TRUE"></efeageom><esritopo Sync="TRUE">FALSE</esritopo><efeacnt Sync="TRUE">0</efeacnt><spindex Sync="TRUE">FALSE</spindex><linrefer Sync="TRUE">FALSE</linrefer></esriterm></ptvctinf></spdoinfo><eainfo><detailed Name="gmb_pplp_ocha_1m_nga_ocha"><enttyp><enttypl Sync="TRUE">gmb_pplp_ocha_1m_nga_ocha</enttypl><enttypt Sync="TRUE">Feature Class</enttypt><enttypc Sync="TRUE">0</enttypc></enttyp><attr><attrlabl Sync="TRUE">FID</attrlabl><attalias Sync="TRUE">FID</attalias><attrtype Sync="TRUE">OID</attrtype><attwidth Sync="TRUE">4</attwidth><atprecis Sync="TRUE">0</atprecis><attscale Sync="TRUE">0</attscale><attrdef Sync="TRUE">Internal feature number.</attrdef><attrdefs Sync="TRUE">Esri</attrdefs><attrdomv><udom Sync="TRUE">Sequential unique whole numbers that are automatically generated.</udom></attrdomv></attr><attr><attrlabl Sync="TRUE">OBJECTID</attrlabl><attalias Sync="TRUE">OBJECTID</attalias><attrtype Sync="TRUE">Integer</attrtype><attwidth Sync="TRUE">10</attwidth><atprecis Sync="TRUE">10</atprecis><attscale Sync="TRUE">0</attscale><attrdef Sync="TRUE">Internal feature number.</attrdef><attrdefs Sync="TRUE">Esri</attrdefs><attrdomv><udom Sync="TRUE">Sequential unique whole numbers that are automatically generated.</udom></attrdomv></attr><attr><attrlabl Sync="TRUE">FID_gmb_pp</attrlabl><attalias Sync="TRUE">FID_gmb_pp</attalias><attrtype Sync="TRUE">Integer</attrtype><attwidth Sync="TRUE">10</attwidth><atprecis Sync="TRUE">10</atprecis><attscale Sync="TRUE">0</attscale></attr><attr><attrlabl Sync="TRUE">Shape</attrlabl><attalias Sync="TRUE">Shape</attalias><attrtype Sync="TRUE">Geometry</attrtype><attwidth Sync="TRUE">0</attwidth><atprecis Sync="TRUE">0</atprecis><attscale Sync="TRUE">0</attscale><attrdef Sync="TRUE">Feature geometry.</attrdef><attrdefs Sync="TRUE">Esri</attrdefs><attrdomv><udom Sync="TRUE">Coordinates defining the features.</udom></attrdomv></attr><attr><attrlabl Sync="TRUE">LAT</attrlabl><attalias Sync="TRUE">LAT</attalias><attrtype Sync="TRUE">Double</attrtype><attwidth Sync="TRUE">19</attwidth><atprecis Sync="TRUE">0</atprecis><attscale Sync="TRUE">0</attscale></attr><attr><attrlabl Sync="TRUE">LONG</attrlabl><attalias Sync="TRUE">LONG</attalias><attrtype Sync="TRUE">Double</attrtype><attwidth Sync="TRUE">19</attwidth><atprecis Sync="TRUE">0</atprecis><attscale Sync="TRUE">0</attscale></attr><attr><attrlabl Sync="TRUE">DMS_LAT</attrlabl><attalias Sync="TRUE">DMS_LAT</attalias><attrtype Sync="TRUE">Double</attrtype><attwidth Sync="TRUE">19</attwidth><atprecis Sync="TRUE">0</atprecis><attscale Sync="TRUE">0</attscale></attr><attr><attrlabl Sync="TRUE">DMS_LONG</attrlabl><attalias Sync="TRUE">DMS_LONG</attalias><attrtype Sync="TRUE">Double</attrtype><attwidth Sync="TRUE">19</attwidth><atprecis Sync="TRUE">0</atprecis><attscale Sync="TRUE">0</attscale></attr><attr><attrlabl Sync="TRUE">NAME</attrlabl><attalias Sync="TRUE">NAME</attalias><attrtype Sync="TRUE">String</attrtype><attwidth Sync="TRUE">254</attwidth><atprecis Sync="TRUE">0</atprecis><attscale Sync="TRUE">0</attscale></attr><attr><attrlabl Sync="TRUE">DESCRIPTIO</attrlabl><attalias Sync="TRUE">DESCRIPTIO</attalias><attrtype Sync="TRUE">String</attrtype><attwidth Sync="TRUE">254</attwidth><atprecis Sync="TRUE">0</atprecis><attscale Sync="TRUE">0</attscale></attr><attr><attrlabl Sync="TRUE">CLASS</attrlabl><attalias Sync="TRUE">CLASS</attalias><attrtype Sync="TRUE">Double</attrtype><attwidth Sync="TRUE">19</attwidth><atprecis Sync="TRUE">0</atprecis><attscale Sync="TRUE">0</attscale></attr><attr><attrlabl Sync="TRUE">CNTRY_NAME</attrlabl><attalias Sync="TRUE">CNTRY_NAME</attalias><attrtype Sync="TRUE">String</attrtype><attwidth Sync="TRUE">254</attwidth><atprecis Sync="TRUE">0</atprecis><attscale Sync="TRUE">0</attscale></attr><attr><attrlabl Sync="TRUE">CNTRY_CODE</attrlabl><attalias Sync="TRUE">CNTRY_CODE</attalias><attrtype Sync="TRUE">String</attrtype><attwidth Sync="TRUE">254</attwidth><atprecis Sync="TRUE">0</atprecis><attscale Sync="TRUE">0</attscale></attr><attr><attrlabl Sync="TRUE">Rowcacode1</attrlabl><attalias Sync="TRUE">Rowcacode1</attalias><attrtype Sync="TRUE">String</attrtype><attwidth Sync="TRUE">254</attwidth><atprecis Sync="TRUE">0</atprecis><attscale Sync="TRUE">0</attscale></attr><attr><attrlabl Sync="TRUE">FID_gmb_ad</attrlabl><attalias Sync="TRUE">FID_gmb_ad</attalias><attrtype Sync="TRUE">Integer</attrtype><attwidth Sync="TRUE">10</attwidth><atprecis Sync="TRUE">10</atprecis><attscale Sync="TRUE">0</attscale></attr><attr><attrlabl Sync="TRUE">OBJECTID_1</attrlabl><attalias Sync="TRUE">OBJECTID_1</attalias><attrtype Sync="TRUE">Integer</attrtype><attwidth Sync="TRUE">10</attwidth><atprecis Sync="TRUE">10</atprecis><attscale Sync="TRUE">0</attscale></attr><attr><attrlabl Sync="TRUE">CNTRY_NA_1</attrlabl><attalias Sync="TRUE">CNTRY_NA_1</attalias><attrtype Sync="TRUE">String</attrtype><attwidth Sync="TRUE">20</attwidth><atprecis Sync="TRUE">0</atprecis><attscale Sync="TRUE">0</attscale></attr><attr><attrlabl Sync="TRUE">CNTRY_CO_1</attrlabl><attalias Sync="TRUE">CNTRY_CO_1</attalias><attrtype Sync="TRUE">String</attrtype><attwidth Sync="TRUE">3</attwidth><atprecis Sync="TRUE">0</atprecis><attscale Sync="TRUE">0</attscale></attr><attr><attrlabl Sync="TRUE">LGA_NAME</attrlabl><attalias Sync="TRUE">LGA_NAME</attalias><attrtype Sync="TRUE">String</attrtype><attwidth Sync="TRUE">20</attwidth><atprecis Sync="TRUE">0</atprecis><attscale Sync="TRUE">0</attscale></attr><attr><attrlabl Sync="TRUE">LGA_CODE</attrlabl><attalias Sync="TRUE">LGA_CODE</attalias><attrtype Sync="TRUE">String</attrtype><attwidth Sync="TRUE">10</attwidth><atprecis Sync="TRUE">0</atprecis><attscale Sync="TRUE">0</attscale></attr><attr><attrlabl Sync="TRUE">DISTRICT_N</attrlabl><attalias Sync="TRUE">DISTRICT_N</attalias><attrtype Sync="TRUE">String</attrtype><attwidth Sync="TRUE">20</attwidth><atprecis Sync="TRUE">0</atprecis><attscale Sync="TRUE">0</attscale></attr><attr><attrlabl Sync="TRUE">DISTRICT_C</attrlabl><attalias Sync="TRUE">DISTRICT_C</attalias><attrtype Sync="TRUE">String</attrtype><attwidth Sync="TRUE">10</attwidth><atprecis Sync="TRUE">0</atprecis><attscale Sync="TRUE">0</attscale></attr><attr><attrlabl Sync="TRUE">Shape_Leng</attrlabl><attalias Sync="TRUE">Shape_Leng</attalias><attrtype Sync="TRUE">Double</attrtype><attwidth Sync="TRUE">19</attwidth><atprecis Sync="TRUE">0</atprecis><attscale Sync="TRUE">0</attscale></attr><attr><attrlabl Sync="TRUE">LGA_NAME_1</attrlabl><attalias Sync="TRUE">LGA_NAME_1</attalias><attrtype Sync="TRUE">String</attrtype><attwidth Sync="TRUE">254</attwidth><atprecis Sync="TRUE">0</atprecis><attscale Sync="TRUE">0</attscale></attr><attr><attrlabl Sync="TRUE">LGA_CODE_1</attrlabl><attalias Sync="TRUE">LGA_CODE_1</attalias><attrtype Sync="TRUE">String</attrtype><attwidth Sync="TRUE">254</attwidth><atprecis Sync="TRUE">0</atprecis><attscale Sync="TRUE">0</attscale></attr><attr><attrlabl Sync="TRUE">Rowcacode2</attrlabl><attalias Sync="TRUE">Rowcacode2</attalias><attrtype Sync="TRUE">String</attrtype><attwidth Sync="TRUE">254</attwidth><atprecis Sync="TRUE">0</atprecis><attscale Sync="TRUE">0</attscale></attr><attr><attrlabl Sync="TRUE">DISTRICT_1</attrlabl><attalias Sync="TRUE">DISTRICT_1</attalias><attrtype Sync="TRUE">String</attrtype><attwidth Sync="TRUE">254</attwidth><atprecis Sync="TRUE">0</atprecis><attscale Sync="TRUE">0</attscale></attr><attr><attrlabl Sync="TRUE">DISTRICT_2</attrlabl><attalias Sync="TRUE">DISTRICT_2</attalias><attrtype Sync="TRUE">String</attrtype><attwidth Sync="TRUE">254</attwidth><atprecis Sync="TRUE">0</atprecis><attscale Sync="TRUE">0</attscale></attr><attr><attrlabl Sync="TRUE">RowcaCode4</attrlabl><attalias Sync="TRUE">RowcaCode4</attalias><attrtype Sync="TRUE">String</attrtype><attwidth Sync="TRUE">254</attwidth><atprecis Sync="TRUE">0</atprecis><attscale Sync="TRUE">0</attscale></attr><attr><attrlabl Sync="TRUE">Shape_Le_1</attrlabl><attalias Sync="TRUE">Shape_Le_1</attalias><attrtype Sync="TRUE">Double</attrtype><attwidth Sync="TRUE">19</attwidth><atprecis Sync="TRUE">0</atprecis><attscale Sync="TRUE">0</attscale></attr><attr><attrlabl Sync="TRUE">Shape_Area</attrlabl><attalias Sync="TRUE">Shape_Area</attalias><attrtype Sync="TRUE">Double</attrtype><attwidth Sync="TRUE">19</attwidth><atprecis Sync="TRUE">0</atprecis><attscale Sync="TRUE">0</attscale><attrdef Sync="TRUE">Area of feature in internal units squared.</attrdef><attrdefs Sync="TRUE">Esri</attrdefs><attrdomv><udom Sync="TRUE">Positive real numbers that are automatically generated.</udom></attrdomv></attr></detailed></eainfo><mdDateSt Sync="TRUE">20170516</mdDateSt><mdChar><CharSetCd value="004" Sync="TRUE"></CharSetCd></mdChar></metadata>
